label,throughput,mean_TTFT,p95_TTFT
"short (L=64,B=16)",1.547638609225267,0.0832479909090474,0.22596562675304044
"long (L=256,B=128)",1.5385671994816859,0.48923608793718815,1.581612563158105
